{"name":"aac7be48-2706-4830-a5d0-fc337491a679","id":"/providers/Microsoft.Flow/flows/aac7be48-2706-4830-a5d0-fc337491a679","type":"Microsoft.Flow/flows","properties":{"apiId":"/providers/Microsoft.PowerApps/apis/shared_logicflows","displayName":"Call it Approval Flow","definition":{"metadata":{"workflowEntityId":null,"processAdvisorMetadata":null,"flowclientsuspensionreason":"None","flowclientsuspensiontime":null,"flowclientsuspensionreasondetails":null,"creator":{"id":"2cf809dc-9cbd-4f82-a3e2-775baed72cdc","type":"User","tenantId":"abb20613-30e8-46e8-a60b-f8fcaa2ade82"},"provisioningMethod":"FromDefinition","failureAlertSubscription":true,"clientLastModifiedTime":"2023-04-05T10:44:32.3864236Z"},"$schema":"https://schema.management.azure.com/providers/Microsoft.Logic/schemas/2016-06-01/workflowdefinition.json#","contentVersion":"1.0.0.0","parameters":{"$connections":{"defaultValue":{},"type":"Object"},"$authentication":{"defaultValue":{},"type":"SecureObject"}},"triggers":{"manual":{"metadata":{"operationMetadataId":"d4b360c4-4255-436b-ae82-af431a950a05"},"type":"Request","kind":"PowerApp","inputs":{"schema":{"type":"object","properties":{"Startandwaitforanapproval_Title":{"type":"string","description":"Create a title for the approval","x-ms-powerflows-param-ispartial":false},"Startandwaitforanapproval_Assignedto":{"type":"string","description":"Email addresses, separated by a semicolon (;). This parameter is used as part of \"70112D73-30D6-47B0-80A6-8CFC6ECA1EC0\"","x-ms-powerflows-param-ispartial":true},"Updatearow_KeyValue":{"type":"string","description":"Enter the key value.","x-ms-powerflows-param-ispartial":false},"Updatearow_ClassName":{"type":"string","x-ms-powerflows-param-ispartial":false},"Updatearow_Teacher":{"type":"string","x-ms-powerflows-param-ispartial":false},"Updatearow_School":{"type":"string","x-ms-powerflows-param-ispartial":false},"Updatearow_ItemID":{"type":"string","x-ms-powerflows-param-ispartial":false},"Updatearow_ItemName":{"type":"string","x-ms-powerflows-param-ispartial":false},"Updatearow_Description":{"type":"string","x-ms-powerflows-param-ispartial":false},"Updatearow_UnitPrice":{"type":"string","x-ms-powerflows-param-ispartial":false},"Updatearow_Image[image]":{"type":"string","x-ms-powerflows-param-ispartial":false},"Updatearow_Quantity":{"type":"string","x-ms-powerflows-param-ispartial":false}},"required":["Startandwaitforanapproval_Title","Startandwaitforanapproval_Assignedto","Updatearow_KeyValue","Updatearow_ClassName","Updatearow_Teacher","Updatearow_School","Updatearow_ItemID","Updatearow_ItemName","Updatearow_Description","Updatearow_UnitPrice","Updatearow_Image[image]","Updatearow_Quantity"]}}}},"actions":{"Start_and_wait_for_an_approval":{"runAfter":{},"metadata":{"operationMetadataId":"e0d2e240-d9fd-4f70-aea7-db24d28102b0"},"type":"OpenApiConnectionWebhook","inputs":{"host":{"apiId":"/providers/Microsoft.PowerApps/apis/shared_approvals","connectionName":"shared_approvals","operationId":"StartAndWaitForAnApproval"},"parameters":{"approvalType":"Basic","WebhookApprovalCreationInput/title":"@triggerBody()['Startandwaitforanapproval_Title']","WebhookApprovalCreationInput/assignedTo":"@{triggerBody()['Startandwaitforanapproval_Assignedto']};","WebhookApprovalCreationInput/details":"Please approve this request so work can carry on ASAP","WebhookApprovalCreationInput/enableNotifications":true,"WebhookApprovalCreationInput/enableReassignment":true},"authentication":{"value":"@json(decodeBase64(triggerOutputs().headers['X-MS-APIM-Tokens']))['$ConnectionKey']","type":"Raw"}}},"Condition":{"actions":{"Update_a_row":{"runAfter":{},"metadata":{"01RA6N52HI3JTQJQOWMRCLXPCP2D6W3NWI":"/Classes.xlsx","operationMetadataId":"d815e7ce-dfbc-458e-82ea-b2dc8ea4a051","tableId":"{00000000-000C-0000-FFFF-FFFF00000000}","01RA6N52AGL37CUHWPB5FIYO6HOXVSE6SL":"/ucdemodata.xlsx"},"type":"OpenApiConnection","inputs":{"host":{"apiId":"/providers/Microsoft.PowerApps/apis/shared_excelonlinebusiness","connectionName":"shared_excelonlinebusiness","operationId":"PatchItem"},"parameters":{"source":"me","drive":"b!K9eD_kRgaE2NcVKxLlRyYuZeEcLL9v9KoXBvHHYgbK48RvQTrrP7SbMFm7VxZ9PI","file":"01RA6N52AGL37CUHWPB5FIYO6HOXVSE6SL","table":"{00000000-000C-0000-FFFF-FFFF00000000}","idColumn":"ItemID","id":"@triggerBody()['Updatearow_KeyValue']","item/ItemID":"@triggerBody()['Updatearow_ItemID']","item/Item Name":"@triggerBody()['Updatearow_ItemName']","item/Description":"@triggerBody()['Updatearow_Description']","item/Unit Price":"@triggerBody()['Updatearow_UnitPrice']","item/Image [image]":"@triggerBody()['Updatearow_Image[image]']","item/Quantity":"@triggerBody()['Updatearow_Quantity']"},"authentication":{"value":"@json(decodeBase64(triggerOutputs().headers['X-MS-APIM-Tokens']))['$ConnectionKey']","type":"Raw"}}}},"runAfter":{"Start_and_wait_for_an_approval":["Succeeded"]},"else":{"actions":{"Send_an_email_(V2)":{"runAfter":{},"metadata":{"operationMetadataId":"b4916589-06d8-4a0f-8cf0-2deb00d8698f"},"type":"OpenApiConnection","inputs":{"host":{"apiId":"/providers/Microsoft.PowerApps/apis/shared_office365","connectionName":"shared_office365","operationId":"SendEmailV2"},"parameters":{"emailMessage/To":"dev@8x6nsw.onmicrosoft.com","emailMessage/Subject":"Please review ASAP","emailMessage/Body":"<p>Your request was rejected.</p>","emailMessage/Importance":"Normal"},"authentication":{"value":"@json(decodeBase64(triggerOutputs().headers['X-MS-APIM-Tokens']))['$ConnectionKey']","type":"Raw"}}}}},"expression":{"equals":["@outputs('Start_and_wait_for_an_approval')?['body/outcome']","Approve"]},"metadata":{"operationMetadataId":"54971b7b-b779-42ba-ab05-fb7cfd2cbeb0"},"type":"If"}}},"connectionReferences":{"shared_approvals":{"connectionName":"shared-approvals-bd2430a6-2703-4684-9b6d-47ee662a5921","source":"Invoker","id":"/providers/Microsoft.PowerApps/apis/shared_approvals","tier":"NotSpecified"},"shared_excelonlinebusiness":{"connectionName":"shared-excelonlinebu-5589955d-4fd7-4ae9-9ebe-d8db0e447af8","source":"Invoker","id":"/providers/Microsoft.PowerApps/apis/shared_excelonlinebusiness","tier":"NotSpecified"},"shared_office365":{"connectionName":"shared-office365-6283de6a-de27-464e-a5df-b903b76c2be7","source":"Invoker","id":"/providers/Microsoft.PowerApps/apis/shared_office365","tier":"NotSpecified"}},"flowFailureAlertSubscribed":false,"isManaged":false}}